index,Population,Density_(km2),Area_(km2),Migrants_(net),MedianAge,Urban_(%),WorldShare_(%),GDP_per_capita_PPP,GNI_per_capita_PPP,passengers_per_day,CountryID,Latitude,Longitude,Last_(Celsius),Previous_(Celsius),TempRecordDate
Afghanistan,38928346,60,652860,-62920,18,25,0.005,1976,1970,5287,AF,33.93911,67.709953,2.88,7.73,15-Dec
Albania,2877797,105,27400,-14000,36,63,0.0004,12943,13350,415,AL,41.153332,20.168331,3.89,9.29,15-Dec
Algeria,43851044,18,2381740,-10000,29,73,0.0056,15293,14970,16194,DZ,28.033886,1.659626,13.35,18.21,15-Dec
Andorra,77265,164,470,,,88,0,,,,AD,42.546245,1.601554,7.08,9.76,15-Dec
Angola,32866272,26,1246700,6413,17,67,0.0042,6658,6170,3409,AO,-11.202692,17.873887,23.52,23.43,15-Dec
Antigua and Barbuda,97929,223,440,0,34,26,0,23522,25490,2848,AG,17.060816,-61.796428,25.96,26.29,15-Dec
Argentina,45195774,17,2736690,4800,32,93,0.0058,20829,19870,39027,AR,-38.416097,-63.616672,20.31,17.27,15-Dec
Armenia,2963243,104,28470,-4998,35,63,0.0004,9668,10480,,AM,40.069099,45.038189,-4.14,2.94,15-Dec
Australia,25499884,3,7682300,158246,38,86,0.0033,49378,50050,189847,AU,-25.274398,133.775136,28.06,26.95,15-Dec
Austria,9006398,109,82409,65000,43,57,0.0012,53879,55300,40325,AT,47.516231,14.550072,1.39,4.91,15-Dec
Azerbaijan,10139177,123,82658,1200,32,56,0.0013,17450,17100,4940,AZ,40.143105,47.576927,1.48,6.09,15-Dec
Bahamas,393244,39,10010,1000,32,86,0.0001,30495,30330,1609,BS,25.03428,-77.39628,28.66,28.8,13-Sep
Bahrain,1701575,2239,760,47800,32,89,0.0002,47708,44700,14558,BH,25.930414,50.637772,18.37,24.14,15-Dec
Bangladesh,164689383,1265,130170,-369501,28,39,0.0211,3877,4570,7963,BD,23.684994,90.356331,18.44,23.08,15-Dec
Barbados,287375,668,430,-79,40,31,0,18559,16280,,BB,13.193887,-59.543198,26.8,27.27,15-Dec
Belarus,9449323,47,202910,8730,40,79,0.0012,18896,19240,4079,BY,53.709807,27.953389,1.7,3.9,15-Dec
Belgium,11589623,383,30280,48000,42,98,0.0015,49367,51740,30665,BE,50.503887,4.469936,8.59,9.49,15-Dec
Belize,397628,17,22810,1200,25,46,0.0001,8525,7810,2563,BZ,17.189877,-88.49765,25.18,25.39,15-Dec
Benin,12123200,108,112760,-2000,19,48,0.0016,2276,2410,307,BJ,9.30769,2.315834,25.99,28.1,15-Dec
Bhutan,771608,20,38117,320,28,46,0.0001,9392,9700,446,BT,27.514162,90.433601,18.37,18.97,13-Aug
Bolivia (Plurinational State of),11673021,11,1083300,-9504,26,69,0.0015,7576,7670,7065,BO,-16.290154,-63.588653,18.5,18.23,13-Aug
Bosnia and Herzegovina,3280819,64,51000,-21585,43,52,0.0004,13108,14580,19,BA,43.915886,17.679076,22.81,22.29,13-Aug
Botswana,2351627,4,566730,3000,24,73,0.0003,17024,18000,531,BW,-22.328474,24.684866,18.51,16.66,13-Aug
Brazil,212559417,25,8358140,21200,33,88,0.0273,15553,15850,279559,BR,-14.235004,-51.92528,24.74,24.2,13-Aug
Brunei Darussalam,437479,83,5270,0,32,80,0.0001,79003,82180,3150,BN,4.535277,114.727669,,,
Bulgaria,6948445,64,108560,-4800,45,76,0.0009,20948,22300,3064,BG,42.733883,25.48583,1.95,8.67,15-Dec
Burkina Faso,20903273,76,273600,-25000,18,31,0.0027,1866,1970,335,BF,12.238333,-1.561593,24.16,28.19,15-Dec
Burundi,11890784,463,25680,2001,17,14,0.0015,735,750,,BI,-3.373056,29.918886,21.08,20.68,15-Dec
Cabo Verde,555987,138,4030,-1342,28,68,0.0001,6913,,,,,,,,
Cambodia,16718965,95,176520,-30000,26,24,0.0021,4018,4070,3024,KH,12.565679,104.990963,27.6,28.12,15-Dec
Cameroon,26545863,56,472710,-4800,19,56,0.0034,3722,3700,732,CM,7.369722,12.354722,23.31,24.98,15-Dec
Canada,37742154,4,9093510,242032,41,81,0.0048,46510,47590,219803,CA,56.130366,-106.346771,-18.18,-11.98,15-Dec
Central African Republic,4829767,8,622980,-40000,18,43,0.0006,727,920,127,CF,6.611111,20.939444,23.56,25.59,15-Dec
Chad,16425864,13,1259200,2000,17,23,0.0021,1945,1930,77,TD,15.454166,18.732207,20.03,25.07,15-Dec
Chile,19116201,26,743532,111708,35,85,0.0025,24747,24190,41114,CL,-35.675147,-71.542969,11.9,9.62,15-Dec
China,1439323776,153,9388211,-348399,38,61,0.1847,16842,18170,1195024,CN,35.86166,104.195397,-5.24,0.67,15-Dec
Colombia,50882891,46,1109500,204796,31,80,0.0065,14503,14480,84227,CO,4.570868,-74.297333,25.45,25.5,15-Dec
Comoros,869601,467,1861,-2000,20,29,0.0001,2751,2930,,KM,-11.875001,43.872219,27.62,26.92,15-Dec
Congo,5518087,16,341500,-4000,19,70,0.0007,5454,5060,1802,CG,-0.228021,15.827659,23.83,23.6,13-Aug
Congo,5518087,16,341500,-4000,19,70,0.0007,5454,5060,1802,CG,-0.228021,15.827659,24.92,25.19,15-Dec
Costa Rica,5094118,100,51060,4200,33,80,0.0007,17110,16700,4430,CR,9.748917,-83.753428,24.61,25.12,15-Dec
Croatia,4105267,73,55960,-8001,44,58,0.0005,26296,27180,4884,HR,45.1,15.2,23.56,23.81,13-Aug
Cuba,11326616,106,106440,-14400,42,78,0.0015,,,3546,CU,21.521757,-77.781167,28.42,27.93,13-Sep
Cyprus,1207359,131,9240,5000,37,67,0.0002,36012,35170,64,CY,35.126413,33.429859,28.04,27.21,13-Aug
Czech Republic,10708981,139,77240,22011,43,74,0.0014,38020,37530,13620,CZ,49.817492,15.472962,18.66,20.16,13-Aug
CÃ´te d'Ivoire,26378274,83,318000,-8000,19,51,0.0034,3945,,984,CI,7.539989,-5.54708,,,
Democratic People's Republic of Korea,25778816,214,120410,-5403,35,63,0.0033,,,612,,,,,,
Democratic Republic of the Congo,89561403,40,2267050,23861,17,46,0.0115,889,900,1305,CD,-4.038333,21.758664,,,
Denmark,5792202,137,42430,15200,42,88,0.0007,54356,56410,1594,DK,56.26392,9.501785,-3.78,-0.9,13-Aug
Djibouti,988000,43,23180,900,27,79,0.0001,,,,DJ,11.825138,42.590275,34.53,34.01,13-Aug
Dominica,71986,96,750,,,74,0,10037,10270,0,DM,15.414999,-61.370976,28.25,28.17,13-Aug
Dominican Republic,10847910,225,48320,-30000,28,85,0.0014,16064,16950,39,DO,18.735693,-70.162651,28.05,27.86,13-Sep
Ecuador,17643054,71,248360,36400,28,63,0.0023,11612,11420,15787,EC,-1.831239,-78.183406,21.51,21.24,13-Aug
Egypt,102334404,103,995450,-38033,25,43,0.0131,11608,12100,27834,EG,26.820553,30.802498,13.83,20.11,15-Dec
El Salvador,6486205,313,20720,-40539,28,73,0.0008,8023,7860,7116,SV,13.794185,-88.89653,24.47,24.33,15-Dec
Equatorial Guinea,1402985,50,28050,16000,22,73,0.0002,24439,17460,1097,GQ,1.650801,10.267895,25,25.3,15-Dec
Eritrea,3546421,35,101000,-39858,19,63,0.0005,,2080,,ER,15.179384,39.782334,23.7,26.59,15-Dec
Estonia,1326535,31,42390,3911,42,68,0.0002,33448,34970,1403,EE,58.595272,25.013607,2.29,4.26,15-Dec
Eswatini,1160164,67,17200,-8353,21,30,0.0001,8659,10640,,,,,,,
Ethiopia,114963588,115,1000000,30000,19,21,0.0147,1903,2010,19382,ET,9.145,40.489673,21.97,22.68,15-Dec
Fiji,896445,49,18270,-6202,28,59,0.0001,9575,10140,3662,FJ,-16.578193,179.414413,24.95,24.48,15-Dec
Finland,5540720,18,303890,14000,43,86,0.0007,46344,48580,27321,FI,61.92411,25.748151,-3.79,0.1,15-Dec
France,65273511,119,547557,36527,42,82,0.0084,44033,46360,178190,FR,46.227638,2.213749,7.7,9.65,15-Dec
Gabon,2225734,9,257670,3260,23,87,0.0003,18113,16700,376,GA,-0.803689,11.609444,25.37,25.83,15-Dec
Gambia,2416668,239,10120,-3087,18,59,0.0003,1699,2570,,GM,13.443182,-15.310139,26.95,28.92,13-Aug
Georgia,3989167,57,69490,-10000,38,58,0.0005,10674,11500,636,GS,-54.429579,-36.587909,-3.49,2.97,15-Dec
Germany,83783942,240,348560,543822,46,76,0.0107,52556,54560,316550,DE,51.165691,10.451526,6.65,7.84,15-Dec
Ghana,31072940,137,227540,-10000,22,57,0.004,4502,4650,1069,GH,7.946527,-1.023194,26.65,28.1,15-Dec
Greece,10423054,81,128900,-16000,46,85,0.0013,28583,29670,34475,GR,39.074208,21.824312,5.93,12.04,15-Dec
Grenada,112523,331,340,-200,32,35,0,15156,14100,0,GD,12.262776,-61.604171,28.41,28.35,13-Aug
Guatemala,17915568,167,107160,-9215,23,52,0.0023,8168,8310,255,GT,15.783471,-90.230759,25.66,24,13-Sep
Guinea,13132795,53,245720,-4000,18,39,0.0017,2247,2460,,GN,9.945587,-9.696645,24.32,24.91,13-Aug
Guinea Bissau,1968001,70,28120,-1399,19,45,0.0003,1704,1800,,GW,11.803749,-15.180413,25.72,27.13,13-Aug
Guyana,786552,4,196850,-6000,27,27,0.0001,8180,8420,120,GY,4.860416,-58.93018,26.76,26.47,13-Aug
Haiti,11402528,414,27560,-35000,24,57,0.0015,1819,1880,,HT,18.971187,-72.285215,28.58,28.53,13-Sep
Honduras,9904607,89,111890,-6800,24,57,0.0013,4997,4790,688,HN,15.199999,-86.241905,26.79,24.92,13-Sep
Hungary,9660351,107,90530,6000,43,72,0.0012,28799,29860,54910,HU,47.162494,19.503304,2.61,7.06,15-Dec
Iceland,341243,3,100250,380,37,94,0,55322,55190,9353,IS,64.963051,-19.020835,-2.72,-0.91,15-Dec
India,1380004385,464,2973190,-532687,28,35,0.177,7166,7680,271035,IO,-6.343194,71.876519,18.62,22.35,15-Dec
Indonesia,273523615,151,1811570,-98955,30,56,0.0351,12310,12670,242974,ID,-0.789275,113.921327,26.41,26.55,15-Dec
Iran,83992949,52,1628550,-55000,32,76,0.0108,20885,21050,41106,IR,32.427908,53.688046,6.54,11.87,15-Dec
Iraq,40222493,93,434320,7834,21,73,0.0052,16935,17210,1328,IQ,33.223191,43.679291,8.92,16.21,15-Dec
Ireland,4937786,72,68890,23604,38,63,0.0006,76745,67050,309984,IE,53.41291,-8.24389,7.77,8.45,15-Dec
Israel,8655535,400,21640,10000,30,93,0.0011,38868,39940,16615,IL,31.046051,34.851612,12.19,18.67,15-Dec
Italy,60461826,206,294140,148943,47,69,0.0078,40924,42290,71331,IT,41.87194,12.56738,6.69,9.9,15-Dec
Jamaica,2961167,273,10830,-11332,31,55,0.0004,9066,8900,254,JM,18.109581,-77.297508,26.05,26.08,15-Dec
Japan,126476461,347,364555,71560,48,92,0.0162,42067,44380,311676,JP,36.204824,138.252924,4.06,9.28,15-Dec
Jordan,10203134,115,88780,10220,24,91,0.0013,9173,9430,8397,JO,30.585164,36.238414,8.92,15.97,15-Dec
Kazakhstan,18776707,7,2699700,-18000,31,58,0.0024,26491,24450,13922,KZ,48.019573,66.923684,-3.3,-1.8,15-Dec
Kenya,53771296,94,569140,-10000,20,28,0.0069,3292,3440,13355,KE,-0.023559,37.906193,26.52,25.14,15-Dec
Kiribati,119449,147,810,-800,23,57,0,2185,4410,,KI,-3.370417,-168.734039,27.6,27.5,15-Dec
Kuwait,4270571,240,17820,39520,37,,0.0005,72096,84250,10014,KW,29.31166,47.481766,13.13,20.26,15-Dec
Kyrgyzstan,6524195,34,191800,-4000,26,36,0.0008,3735,3780,1713,KG,41.20438,74.766098,-8.56,-3,15-Dec
Lao People's Democratic Republic,7275560,32,230800,-14704,24,36,0.0009,7038,7090,3236,LA,19.85627,102.495496,21.37,24.05,15-Dec
Latvia,1886198,30,62200,-14837,44,69,0.0002,28362,29780,6924,LV,56.879635,24.603189,2.26,4.5,15-Dec
Lebanon,6825445,667,10230,-30012,30,78,0.0009,14513,13010,7077,LB,33.854721,35.862285,8.19,13.44,15-Dec
Lesotho,2142249,71,30360,-10047,24,31,0.0003,2932,3680,,LS,-29.609988,28.233608,9.94,8.82,13-Aug
Liberia,5057681,53,96320,-5000,19,53,0.0006,1285,1130,,LR,6.428055,-9.429499,24.71,24.74,13-Aug
Libya,6871292,4,1759540,-1999,29,78,0.0009,19673,21340,7031,LY,26.3351,17.228331,29.87,30.55,13-Aug
Liechtenstein,38128,238,160,,,15,0,,,,LI,47.166,9.555373,14.83,16.66,13-Aug
Lithuania,2722289,43,62674,-32780,45,71,0.0003,33253,34320,3736,LT,55.169438,23.881275,17.87,18.37,13-Aug
Luxembourg,625978,242,2590,9741,40,88,0.0001,107641,72200,5016,LU,49.815273,6.129583,18.46,20.42,13-Aug
Madagascar,27691018,48,581795,-1500,20,39,0.0036,1558,1840,1498,MG,-18.766947,46.869107,20.4,19.53,13-Aug
Malawi,19129952,203,94280,-16053,18,18,0.0025,1205,1310,16,MW,-13.254308,34.301525,25.56,25.97,15-Dec
Malaysia,32365999,99,328550,50000,30,78,0.0042,29511,30650,137937,MY,4.210484,101.975766,25.98,25.79,15-Dec
Maldives,540544,1802,300,11370,30,35,0.0001,16688,14110,,MV,3.202778,73.22068,28.12,27.76,15-Dec
Mali,20250833,17,1220190,-40000,16,44,0.0026,2218,2260,,ML,17.570692,-3.996166,21.09,26.52,15-Dec
Malta,441543,1380,320,900,43,93,0.0001,40797,39230,4337,MT,35.937496,14.375416,14.12,17.85,15-Dec
Marshall Islands,59190,329,180,,,70,0,4247,5090,237,MH,7.131474,171.184478,27.58,28.29,15-Dec
Mauritania,4649658,5,1030700,5000,20,57,0.0006,3958,4120,679,MR,21.00789,-10.940835,21.61,26.18,15-Dec
Mauritius,1271768,626,2030,0,37,41,0.0002,22356,26080,4017,MU,-20.348404,57.552152,25.95,24.31,15-Dec
Mexico,128932753,66,1943950,-60000,29,84,0.0165,18656,19340,124822,MX,23.634501,-102.552784,16.74,19.45,15-Dec
Micronesia (Federated States of),115023,164,700,-600,24,21,0,,3640,,FM,7.425554,150.550812,27.59,27.85,15-Dec
Monaco,39242,26337,1,,,,0,,,,MC,43.750298,7.412841,5.92,7.76,15-Dec
Mongolia,3278290,2,1553560,-852,28,67,0.0004,12946,12500,1482,MN,46.862496,103.846656,-15.9,-10.41,15-Dec
Montenegro,628066,47,13450,-480,39,68,0.0001,19355,20930,1443,ME,42.708678,19.37439,1.8,6.33,15-Dec
Morocco,36910560,83,446300,-51419,30,64,0.0047,8225,8410,18594,MA,31.791702,-7.09262,12.55,15.06,15-Dec
Mozambique,31255435,40,786380,-5000,18,38,0.004,1250,1430,1881,MZ,-18.665695,35.529562,27.5,27.16,15-Dec
Myanmar,54409800,83,653290,-163313,29,31,0.007,6174,6500,5559,MM,21.913965,95.956223,19.32,22.17,15-Dec
Namibia,2540905,3,823290,-4806,22,55,0.0003,10471,10870,1515,NA,-22.95764,18.49041,25.25,24.21,15-Dec
Nauru,10824,541,20,,,,0,,20940,106,NR,-0.522778,166.931503,,,
Nepal,29136808,203,143350,41710,25,21,0.0037,2702,3110,1398,NP,28.394857,84.124008,21.19,21.37,13-Aug
Netherlands,17134872,508,33720,16000,43,92,0.0022,54422,56890,95534,NL,52.132633,5.291266,18.32,18.98,13-Aug
New Zealand,4822233,18,263310,14881,38,87,0.0006,40748,39410,41929,NZ,-40.900557,174.885971,8.2,6.75,13-Aug
Nicaragua,6624554,55,120340,-21272,26,57,0.0008,5855,5400,167,NI,12.865416,-85.207229,27.66,26.29,13-Sep
Niger,24206644,19,1266700,4000,15,17,0.0031,1019,1040,41,NE,17.607789,8.081666,29.7,32.03,13-Aug
Nigeria,206139589,226,910770,-60000,18,52,0.0264,5887,5710,8831,NG,9.081999,8.675277,25.14,26.62,13-Aug
North Macedonia,2083374,83,25220,-1000,39,59,0.0003,15290,15670,,,,,23.59,22.33,13-Aug
Norway,5421241,15,365268,28000,40,83,0.0007,62183,68310,33636,NO,60.472024,8.468946,-2.91,-0.87,15-Dec
Oman,5106626,16,309500,87400,31,87,0.0007,41331,41680,17440,OM,21.512583,55.923255,22.17,25.42,15-Dec
Pakistan,220892340,287,770880,-233379,23,35,0.0283,5539,5860,23199,PK,30.375321,69.345116,10.83,16.09,15-Dec
Palau,18094,39,460,,,,0,14854,19510,,PW,7.51498,134.58252,28.45,28.25,15-Dec
Panama,4314767,58,74340,11200,30,68,0.0006,24521,23550,32926,PA,8.537981,-80.782127,25.61,25.55,15-Dec
Papua New Guinea,8947024,20,452860,-800,22,13,0.0011,4208,4220,5650,PG,-6.314993,143.95555,25.56,25.6,15-Dec
Paraguay,7132538,18,397300,-16556,26,62,0.0009,13109,13220,1238,PY,-23.442503,-58.443832,27.93,26.24,15-Dec
Peru,32971854,26,1280000,99069,31,79,0.0042,13463,13710,38103,PE,-9.189967,-75.015152,20.78,21.07,15-Dec
Philippines,109581078,368,298170,-67152,26,47,0.0141,8361,10740,88304,PH,12.879721,121.774017,25.79,26.25,15-Dec
Poland,37846611,124,306230,-29395,42,60,0.0049,29924,30010,13263,PL,51.919438,19.145136,4.28,5.51,15-Dec
Portugal,10196709,111,91590,-6000,46,66,0.0013,32554,32680,34617,PT,39.399872,-8.224454,10.55,13.25,15-Dec
Qatar,2881053,248,11610,40000,32,96,0.0004,128647,124410,69214,QA,25.354826,51.183884,19.07,24.72,15-Dec
Republic of Korea,51269185,527,97230,11731,44,82,0.0066,38824,40090,179403,KR,35.907757,127.766922,1.64,7.96,15-Dec
Republic of Moldova,4033963,123,32850,-1387,38,43,0.0005,5711,7620,2756,MD,47.411631,28.369885,2.44,6.72,15-Dec
Romania,19237691,84,230170,-73999,43,55,0.0025,26660,27520,9963,RO,45.943161,24.96676,21.61,20.86,13-Aug
Russian Federation,145934462,9,16376870,182456,40,74,0.0187,25763,26470,210537,RU,61.52401,105.318756,-20.43,-16.05,15-Dec
Rwanda,12952218,525,24670,-9000,20,18,0.0017,2043,2200,1769,RW,-1.940278,29.873888,21.08,20.02,13-Aug
Saint Kitts and Nevis,,,,,,,,28636,28530,,KN,17.357822,-62.782998,,,
Saint Lucia,183627,301,610,0,34,19,0,13986,12990,,LC,13.909444,-60.978893,,,
Saint Vincent and the Grenadines,,,,,,,,,12160,,VC,12.984305,-61.287228,,,
Samoa,198414,70,2830,-2803,22,18,0,6641,6260,742,WS,-13.759029,-172.104629,26.79,26.6,13-Aug
San Marino,33931,566,60,,,97,0,63549,,,SM,43.94236,12.457777,24.65,24.3,13-Aug
Sao Tome and Principe,,,,,,,,3359,,,,,,25.06,25.09,13-Aug
Saudi Arabia,34813871,16,2149690,134979,32,84,0.0045,53893,55840,89805,SA,23.885942,45.079162,34.68,35.71,13-Aug
Senegal,16743927,87,192530,-20000,19,49,0.0021,3458,3670,316,SN,14.497401,-14.452362,27.6,29.41,13-Aug
Serbia,8737371,100,87460,4000,42,56,0.0011,15432,16540,6643,RS,44.016521,21.005859,23.08,22.04,13-Aug
Seychelles,98347,214,460,-200,34,56,0,29328,29120,1363,SC,-4.679574,55.491977,26.95,26.54,13-Aug
Sierra Leone,7976983,111,72180,-4200,19,43,0.001,1530,1490,137,SL,8.460555,-11.779889,25.08,25.25,13-Aug
Singapore,5850342,8358,700,27028,42,,0.0008,94105,94670,91206,SG,1.352083,103.819836,27.69,27.88,15-Dec
Slovakia,5459642,114,48088,1485,41,54,0.0007,32371,33060,30,SK,48.669026,19.699024,1.43,4.68,15-Dec
Slovenia,2078938,103,20140,2000,45,55,0.0003,36387,37450,3097,SI,46.151241,14.995463,1.91,6.21,15-Dec
Solomon Islands,686884,25,27990,-1600,20,23,0.0001,2427,2320,1023,SB,-9.64571,160.156194,26.15,25.97,15-Dec
Somalia,15893222,25,627340,-40000,17,47,0.002,,,689,SO,5.152149,46.199616,26.12,26.64,15-Dec
South Africa,59308690,49,1213090,145405,28,67,0.0076,13526,13250,47092,ZA,-30.559482,22.937506,24.17,20.77,15-Dec
South Sudan,11193725,18,610952,-174200,19,25,0.0014,,1720,,,,,,,
Spain,46754778,94,498800,40000,45,80,0.006,39037,39800,166600,ES,40.463667,-3.74922,8.43,11.15,15-Dec
Sri Lanka,21413249,341,62710,-97986,34,18,0.0027,12863,13110,13456,LK,7.873054,80.771797,26.51,26.43,15-Dec
Sudan,43849260,25,1765048,-50000,20,35,0.0056,4914,4420,1359,SD,12.862807,30.217636,21.83,26.37,15-Dec
Suriname,586632,4,156000,-1000,29,65,0.0001,15191,13820,711,SR,3.919305,-56.027783,26.67,27.53,15-Dec
Sweden,10099265,25,410340,40000,41,88,0.0013,51405,54030,31846,SE,60.128161,18.643501,-3.07,-0.62,15-Dec
Switzerland,8654622,219,39516,52000,43,74,0.0011,66307,68820,73545,CH,46.818188,8.227512,1.88,4.58,15-Dec
Syrian Arab Republic,17500658,95,183630,-427391,26,60,0.0022,,,1303,SY,34.802075,38.996815,7.28,13.55,15-Dec
Tajikistan,9537645,68,139960,-20000,22,27,0.0012,3202,4050,2198,TJ,38.861034,71.276093,-5.95,-1.88,15-Dec
Thailand,69799978,137,510890,19444,40,51,0.009,17910,18200,148656,TH,15.870032,100.992541,27.55,27.56,13-Aug
Timor-Leste,1318445,89,14870,-5385,21,33,0.0002,7228,,,TL,-8.874217,125.727539,,,
Togo,8278724,152,54390,-2000,19,43,0.0011,1663,1780,2109,TG,8.619543,0.824782,25.13,25.7,13-Aug
Tonga,105695,147,720,-800,22,24,0,5969,6520,206,TO,-21.178986,-175.198242,21.88,21.83,13-Aug
Trinidad and Tobago,1399488,273,5130,-800,36,52,0.0002,31645,30980,7172,TT,10.691803,-61.222503,26.32,26.89,15-Dec
Tunisia,11818619,76,155360,-4000,33,70,0.0015,11936,12070,9578,TN,33.886917,9.537499,12.29,17.04,15-Dec
Turkey,84339067,110,769630,283922,32,76,0.0108,28002,27640,264670,TR,38.963745,35.243322,0.97,8.45,15-Dec
Turkmenistan,6031200,13,469930,-5000,27,53,0.0008,18031,18490,5858,TM,38.969719,59.556278,5.42,8.2,15-Dec
Tuvalu,11792,393,30,,,62,0,3933,6100,,TV,-7.109535,177.64933,,,
Uganda,45741007,229,199810,168694,17,26,0.0059,1868,1970,114,UG,1.373333,32.290275,23.42,23.01,15-Dec
Ukraine,43733762,75,579320,10000,41,69,0.0056,8699,9020,12638,UA,48.379433,31.16558,1.52,5.15,15-Dec
United Arab Emirates,9890402,118,83600,40000,33,86,0.0013,74035,75440,232160,AE,23.424076,53.847818,20.76,24.98,15-Dec
United Kingdom of Great Britain and Northern Ireland,67886011,281,241930,260650,40,83,0.0087,44920,45350,360136,GB,55.378051,-3.435973,6.92,8.21,15-Dec
United Republic of Tanzania,59734218,67,885800,-40076,18,37,0.0077,2948,3160,3396,TZ,-6.369028,34.888822,22.13,21,13-Aug
United States of America,331002651,36,9147420,954806,38,83,0.0425,59928,63690,2186931,US,37.09024,-95.712891,-1.42,2.45,15-Dec
Uruguay,3473730,20,175020,-3000,36,96,0.0004,22610,21940,,UY,-32.522779,-55.765835,22.85,19.52,15-Dec
Uzbekistan,33469203,79,425400,-8863,28,50,0.0043,6880,8810,6812,UZ,41.377491,64.585262,2.68,4.82,15-Dec
Vanuatu,307145,25,12190,120,21,24,0,3215,3250,787,VU,-15.376706,166.959158,24.82,24.3,15-Dec
"Venezuela, Bolivarian Republic of",28435940,32,882050,-653249,30,,0.0036,,17900,17690,VE,6.42375,-66.58973,26.52,26.96,15-Dec
Viet Nam,97338579,314,310070,-80000,32,38,0.0125,6790,6930,82040,VN,14.058324,108.277199,22.08,24.76,15-Dec
Yemen,29825964,56,527970,-30000,20,38,0.0038,2606,3800,3802,YE,15.552727,48.516388,20.15,22.22,15-Dec
Zambia,18383955,25,743390,-8000,18,45,0.0024,4033,4100,32,ZM,-13.133897,27.849332,25.21,25.41,15-Dec
Zimbabwe,14862924,38,386850,-116858,19,38,0.0019,2434,3020,1014,ZW,-19.015438,29.154857,19.76,17,13-Aug
